{
    "Impuls2": {
        "a[A]": 13.500566875742974,
        "a_err[A]": 4.427350833819132,
        "b[V]": -3.8259048810049254,
        "b_err[V]": 0.3837522262530072
    }
}